File Name,Size,Type,Created At
bLOCKCHAIN_ASSEMBLY...,3.5 MB,video/mp4,7/5/2025
BLOCKCHAIN_BACKGROUND...,7.58 MB,video/mp4,7/9/2025
GTT_LOGO_PRIMARY.png,654.72 KB,image/png,7/9/2025
GUARDIANCHAIN_LOGO_VIDEO.mp4,1.62 MB,video/mp4,7/5/2025
GUARDIANCHAIN_LOGO_PRIMARY.png,1 MB,image/png,7/9/2025
GUARDIANCHAIN_PROTOCOL.mp4,153.02 MB,video/mp4,7/7/2025
NFT Capsule Icon...,1.22 MB,image/png,7/9/2025
NFT Truth Time Capsule...,1.4 MB,image/png,7/9/2025
GTT_logo.png,654.72 KB,image/png,7/5/2025
GUARDIANCHAIN_logo.png,1 MB,image/png,7/5/2025
